city,lat,lon,humidity,wind_mps,temp_celsius,date_time,weather,description,risk_level
Delhi,28.6667,77.2167,63,0.0,16.1,2025-11-08 17:15:13,Haze,haze,Low
Mumbai,19.0144,72.8479,54,2.57,28.0,2025-11-08 17:13:31,Smoke,smoke,Low
Bhopal,23.2667,77.4,35,2.25,16.7,2025-11-08 17:19:35,Clear,clear sky,Low
Indore,22.7179,75.8333,48,2.06,17.1,2025-11-08 17:22:53,Haze,haze,Low
Bengaluru,12.9762,77.6033,72,3.13,20.6,2025-11-08 17:15:00,Clouds,few clouds,Low
Delhi,28.6667,77.2167,63,0.0,16.1,2025-11-08 17:29:47,Haze,haze,Low
Mumbai,19.0144,72.8479,54,2.57,28.0,2025-11-08 17:25:19,Smoke,smoke,Low
Bhopal,23.2667,77.4,34,2.06,17.1,2025-11-08 17:36:44,Haze,haze,Low
Indore,22.7179,75.8333,48,2.06,17.1,2025-11-08 17:32:22,Haze,haze,Low
Bengaluru,12.9762,77.6033,72,3.58,20.2,2025-11-08 17:31:03,Clouds,few clouds,Low
Delhi,28.6667,77.2167,59,2.06,17.1,2025-11-09 04:15:15,Smoke,smoke,Low
Mumbai,19.0144,72.8479,47,1.54,28.0,2025-11-09 04:14:20,Smoke,smoke,Low
Bhopal,23.2667,77.4,26,1.03,22.1,2025-11-09 04:12:47,Haze,haze,Low
Indore,22.7179,75.8333,38,1.54,23.1,2025-11-09 04:17:39,Haze,haze,Low
Bengaluru,12.9762,77.6033,51,6.26,23.7,2025-11-09 04:10:32,Clear,clear sky,Low
Delhi,28.6667,77.2167,59,2.06,17.1,2025-11-09 04:15:15,Smoke,smoke,Low
Mumbai,19.0144,72.8479,47,1.54,28.0,2025-11-09 04:14:20,Smoke,smoke,Low
Bhopal,23.2667,77.4,26,1.03,22.1,2025-11-09 04:12:47,Haze,haze,Low
Indore,22.7179,75.8333,38,1.54,23.1,2025-11-09 04:17:39,Haze,haze,Low
Bengaluru,12.9762,77.6033,51,6.26,23.7,2025-11-09 04:10:32,Clear,clear sky,Low
Delhi,28.6667,77.2167,59,2.06,17.1,2025-11-09 04:15:15,Smoke,smoke,Low
Mumbai,19.0144,72.8479,47,1.54,28.0,2025-11-09 04:14:20,Smoke,smoke,Low
Bhopal,23.2667,77.4,26,1.03,22.1,2025-11-09 04:12:47,Haze,haze,Low
Indore,22.7179,75.8333,38,1.54,23.1,2025-11-09 04:17:39,Haze,haze,Low
Bengaluru,12.9762,77.6033,51,6.26,23.7,2025-11-09 04:10:32,Clear,clear sky,Low
Delhi,28.6667,77.2167,59,2.06,17.1,2025-11-09 04:15:15,Smoke,smoke,Low
Mumbai,19.0144,72.8479,47,1.54,28.0,2025-11-09 04:14:20,Smoke,smoke,Low
Bhopal,23.2667,77.4,26,1.03,22.1,2025-11-09 04:12:47,Haze,haze,Low
Indore,22.7179,75.8333,38,1.54,23.1,2025-11-09 04:17:39,Haze,haze,Low
Bengaluru,12.9762,77.6033,51,6.26,23.7,2025-11-09 04:10:32,Clear,clear sky,Low
Delhi,28.6667,77.2167,59,2.06,17.1,2025-11-09 04:15:15,Smoke,smoke,Low
Mumbai,19.0144,72.8479,47,1.54,28.0,2025-11-09 04:19:42,Smoke,smoke,Low
Bhopal,23.2667,77.4,26,1.03,22.1,2025-11-09 04:12:47,Haze,haze,Low
Indore,22.7179,75.8333,38,1.54,23.1,2025-11-09 04:17:39,Haze,haze,Low
Bengaluru,12.9762,77.6033,50,7.15,23.6,2025-11-09 04:24:31,Clear,clear sky,Low
Delhi,28.6667,77.2167,59,2.06,17.1,2025-11-09 04:23:39,Smoke,smoke,Low
Mumbai,19.0144,72.8479,47,1.54,28.0,2025-11-09 04:19:42,Smoke,smoke,Low
Bhopal,23.2667,77.4,26,1.03,22.1,2025-11-09 04:27:13,Haze,haze,Low
Indore,22.7179,75.8333,38,1.54,23.1,2025-11-09 04:23:50,Haze,haze,Low
Bengaluru,12.9762,77.6033,50,7.15,23.6,2025-11-09 04:24:31,Clear,clear sky,Low
Delhi,28.6667,77.2167,59,2.06,17.1,2025-11-09 04:23:39,Smoke,smoke,Low
Mumbai,19.0144,72.8479,47,1.54,28.0,2025-11-09 04:19:42,Smoke,smoke,Low
Bhopal,23.2667,77.4,26,1.03,22.1,2025-11-09 04:27:13,Haze,haze,Low
Indore,22.7179,75.8333,38,1.54,23.1,2025-11-09 04:23:50,Haze,haze,Low
Bengaluru,12.9762,77.6033,50,7.15,23.6,2025-11-09 04:24:31,Clear,clear sky,Low
Delhi,28.6667,77.2167,59,2.06,17.1,2025-11-09 04:23:39,Smoke,smoke,Low
Mumbai,19.0144,72.8479,47,1.54,28.0,2025-11-09 04:19:42,Smoke,smoke,Low
Bhopal,23.2667,77.4,26,1.03,22.1,2025-11-09 04:27:13,Haze,haze,Low
Indore,22.7179,75.8333,38,1.54,23.1,2025-11-09 04:23:50,Haze,haze,Low
Bengaluru,12.9762,77.6033,50,7.15,23.6,2025-11-09 04:24:31,Clear,clear sky,Low
Delhi,28.6667,77.2167,59,2.06,17.1,2025-11-09 04:23:39,Smoke,smoke,Low
Mumbai,19.0144,72.8479,47,1.54,28.0,2025-11-09 04:19:42,Smoke,smoke,Low
Bhopal,23.2667,77.4,26,1.03,22.1,2025-11-09 04:27:13,Haze,haze,Low
Indore,22.7179,75.8333,38,1.54,23.1,2025-11-09 04:23:50,Haze,haze,Low
Bengaluru,12.9762,77.6033,50,7.15,23.6,2025-11-09 04:24:31,Clear,clear sky,Low
Delhi,28.6667,77.2167,59,2.06,17.1,2025-11-09 04:23:39,Smoke,smoke,Low
Mumbai,19.0144,72.8479,47,1.54,28.0,2025-11-09 04:30:00,Smoke,smoke,Low
Bhopal,23.2667,77.4,26,1.03,22.1,2025-11-09 04:27:13,Haze,haze,Low
Indore,22.7179,75.8333,38,1.54,23.1,2025-11-09 04:23:50,Haze,haze,Low
Bengaluru,12.9762,77.6033,50,7.15,23.6,2025-11-09 04:31:47,Clear,clear sky,Low
Delhi,28.6667,77.2167,59,2.06,17.1,2025-11-09 04:38:57,Smoke,smoke,Low
Mumbai,19.0144,72.8479,47,1.54,28.0,2025-11-09 04:28:38,Smoke,smoke,Low
Bhopal,23.2667,77.4,26,1.03,22.1,2025-11-09 04:30:13,Haze,haze,Low
Indore,22.7179,75.8333,38,1.54,23.1,2025-11-09 04:29:53,Haze,haze,Low
Bengaluru,12.9762,77.6033,49,7.15,23.9,2025-11-09 04:34:41,Clear,clear sky,Low
Delhi,28.6667,77.2167,59,2.06,17.1,2025-11-09 04:38:57,Smoke,smoke,Low
Mumbai,19.0144,72.8479,48,2.06,29.0,2025-11-09 04:38:53,Smoke,smoke,Low
Bhopal,23.2667,77.4,26,1.03,22.1,2025-11-09 04:40:15,Haze,haze,Low
Indore,22.7179,75.8333,38,1.54,23.1,2025-11-09 04:37:30,Haze,haze,Low
Bengaluru,12.9762,77.6033,49,7.15,23.9,2025-11-09 04:34:41,Clear,clear sky,Low
Delhi,28.6667,77.2167,59,2.06,17.1,2025-11-09 04:38:57,Smoke,smoke,Low
Mumbai,19.0144,72.8479,48,2.06,29.0,2025-11-09 04:38:53,Smoke,smoke,Low
Bhopal,23.2667,77.4,26,1.03,22.1,2025-11-09 04:40:15,Haze,haze,Low
Indore,22.7179,75.8333,38,1.54,23.1,2025-11-09 04:37:30,Haze,haze,Low
Bengaluru,12.9762,77.6033,49,7.15,23.9,2025-11-09 04:34:41,Clear,clear sky,Low
Delhi,28.6667,77.2167,59,2.06,17.1,2025-11-09 04:38:57,Smoke,smoke,Low
Mumbai,19.0144,72.8479,48,2.06,29.0,2025-11-09 04:38:53,Smoke,smoke,Low
Bhopal,23.2667,77.4,26,1.03,22.1,2025-11-09 04:40:15,Haze,haze,Low
Indore,22.7179,75.8333,38,1.54,23.1,2025-11-09 04:37:30,Haze,haze,Low
Bengaluru,12.9762,77.6033,49,7.15,23.9,2025-11-09 04:34:41,Clear,clear sky,Low
Delhi,28.6667,77.2167,59,2.06,17.1,2025-11-09 04:38:57,Smoke,smoke,Low
Mumbai,19.0144,72.8479,48,2.06,29.0,2025-11-09 04:38:53,Smoke,smoke,Low
Bhopal,23.2667,77.4,26,1.03,22.1,2025-11-09 04:40:15,Haze,haze,Low
Indore,22.7179,75.8333,38,1.54,23.1,2025-11-09 04:37:30,Haze,haze,Low
Bengaluru,12.9762,77.6033,49,7.15,23.9,2025-11-09 04:34:41,Clear,clear sky,Low
Delhi,28.6667,77.2167,55,2.06,18.1,2025-11-09 04:49:41,Smoke,smoke,Low
Mumbai,19.0144,72.8479,48,2.06,29.0,2025-11-09 04:38:53,Smoke,smoke,Low
Bhopal,23.2667,77.4,26,1.03,22.1,2025-11-09 04:40:15,Haze,haze,Low
Indore,22.7179,75.8333,38,1.54,23.1,2025-11-09 04:37:30,Haze,haze,Low
Bengaluru,12.9762,77.6033,44,8.94,25.2,2025-11-09 04:50:01,Clear,clear sky,Moderate
Delhi,28.6667,77.2167,55,2.06,18.1,2025-11-09 04:49:41,Smoke,smoke,Low
Mumbai,19.0144,72.8479,48,2.06,29.0,2025-11-09 04:49:51,Smoke,smoke,Low
Bhopal,23.2667,77.4,26,1.03,22.1,2025-11-09 04:49:17,Haze,haze,Low
Indore,22.7179,75.8333,33,2.57,24.1,2025-11-09 04:52:13,Haze,haze,Low
Bengaluru,12.9762,77.6033,44,8.94,25.2,2025-11-09 04:50:01,Clear,clear sky,Moderate
Delhi,28.6667,77.2167,55,2.06,18.1,2025-11-09 04:49:41,Smoke,smoke,Low
Mumbai,19.0144,72.8479,48,2.06,29.0,2025-11-09 04:49:51,Smoke,smoke,Low
Bhopal,23.2667,77.4,26,1.03,22.1,2025-11-09 04:49:17,Haze,haze,Low
Indore,22.7179,75.8333,33,2.57,24.1,2025-11-09 04:52:13,Haze,haze,Low
Bengaluru,12.9762,77.6033,44,8.94,25.2,2025-11-09 04:50:01,Clear,clear sky,Moderate
Delhi,28.6667,77.2167,55,2.06,18.1,2025-11-09 04:49:41,Smoke,smoke,Low
Mumbai,19.0144,72.8479,48,2.06,29.0,2025-11-09 04:49:51,Smoke,smoke,Low
Bhopal,23.2667,77.4,26,1.03,22.1,2025-11-09 04:49:17,Haze,haze,Low
Indore,22.7179,75.8333,33,2.57,24.1,2025-11-09 04:52:13,Haze,haze,Low
Bengaluru,12.9762,77.6033,44,8.94,25.2,2025-11-09 04:50:01,Clear,clear sky,Moderate
Delhi,28.6667,77.2167,55,2.06,18.1,2025-11-09 05:00:37,Smoke,smoke,Low
Mumbai,19.0144,72.8479,48,2.06,29.0,2025-11-09 04:58:49,Smoke,smoke,Low
Bhopal,23.2667,77.4,26,1.03,22.1,2025-11-09 05:01:52,Haze,haze,Low
Indore,22.7179,75.8333,33,2.57,24.1,2025-11-09 05:02:24,Haze,haze,Low
Bengaluru,12.9762,77.6033,44,9.83,25.2,2025-11-09 05:00:16,Clear,clear sky,Moderate
Delhi,28.6667,77.2167,46,2.06,21.1,2025-11-09 05:51:47,Smoke,smoke,Low
Mumbai,19.0144,72.8479,45,2.06,30.0,2025-11-09 05:41:54,Smoke,smoke,Low
Bhopal,23.2667,77.4,17,1.03,24.1,2025-11-09 05:48:27,Haze,haze,Low
Indore,22.7179,75.8333,23,2.57,25.1,2025-11-09 05:51:05,Haze,haze,Low
Bengaluru,12.9762,77.6033,42,9.83,25.9,2025-11-09 05:43:15,Clear,clear sky,Moderate
Delhi,28.6667,77.2167,46,2.06,21.1,2025-11-09 05:51:47,Smoke,smoke,Low
Mumbai,19.0144,72.8479,45,2.06,30.0,2025-11-09 05:41:54,Smoke,smoke,Low
Bhopal,23.2667,77.4,17,1.03,24.1,2025-11-09 05:48:27,Haze,haze,Low
Indore,22.7179,75.8333,23,2.57,25.1,2025-11-09 05:51:05,Haze,haze,Low
Bengaluru,12.9762,77.6033,43,9.39,26.0,2025-11-09 05:50:07,Clear,clear sky,Moderate
Delhi,28.6667,77.2167,46,2.06,21.1,2025-11-09 05:51:47,Smoke,smoke,Low
Mumbai,19.0144,72.8479,45,2.06,30.0,2025-11-09 05:55:35,Smoke,smoke,Low
Bhopal,23.2667,77.4,17,1.03,24.1,2025-11-09 05:48:27,Haze,haze,Low
Indore,22.7179,75.8333,23,2.57,25.1,2025-11-09 05:51:05,Haze,haze,Low
Bengaluru,12.9762,77.6033,43,9.39,26.0,2025-11-09 05:50:07,Clear,clear sky,Moderate
Delhi,28.6667,77.2167,46,2.06,21.1,2025-11-09 05:51:47,Smoke,smoke,Low
Mumbai,19.0144,72.8479,45,2.06,30.0,2025-11-09 05:55:35,Smoke,smoke,Low
Bhopal,23.2667,77.4,17,1.03,24.1,2025-11-09 05:48:27,Haze,haze,Low
Indore,22.7179,75.8333,23,2.57,25.1,2025-11-09 05:51:05,Haze,haze,Low
Bengaluru,12.9762,77.6033,43,9.39,26.0,2025-11-09 05:50:07,Clear,clear sky,Moderate
Delhi,28.6667,77.2167,46,2.06,21.1,2025-11-09 05:51:47,Smoke,smoke,Low
Mumbai,19.0144,72.8479,45,2.06,30.0,2025-11-09 05:55:35,Smoke,smoke,Low
Bhopal,23.2667,77.4,17,1.03,24.1,2025-11-09 05:48:27,Haze,haze,Low
Indore,22.7179,75.8333,23,2.57,25.1,2025-11-09 05:51:05,Haze,haze,Low
Bengaluru,12.9762,77.6033,43,9.39,26.0,2025-11-09 05:50:07,Clear,clear sky,Moderate
Delhi,28.6667,77.2167,46,2.06,21.1,2025-11-09 06:00:04,Smoke,smoke,Low
Mumbai,19.0144,72.8479,45,2.06,30.0,2025-11-09 05:55:35,Smoke,smoke,Low
Bhopal,23.2667,77.4,17,1.03,24.1,2025-11-09 05:58:39,Haze,haze,Low
Indore,22.7179,75.8333,23,2.57,25.1,2025-11-09 06:02:14,Haze,haze,Low
Bengaluru,12.9762,77.6033,43,9.39,26.0,2025-11-09 05:50:07,Clear,clear sky,Moderate
Delhi,28.6667,77.2167,46,2.06,21.1,2025-11-09 06:00:04,Smoke,smoke,Low
Mumbai,19.0144,72.8479,45,2.06,30.0,2025-11-09 05:55:35,Smoke,smoke,Low
Bhopal,23.2667,77.4,17,1.03,24.1,2025-11-09 05:58:39,Haze,haze,Low
Indore,22.7179,75.8333,23,2.57,25.1,2025-11-09 06:02:14,Haze,haze,Low
Bengaluru,12.9762,77.6033,43,9.39,25.9,2025-11-09 06:05:19,Clear,clear sky,Moderate
Delhi,28.6667,77.2167,46,2.06,21.1,2025-11-09 06:00:04,Smoke,smoke,Low
Mumbai,19.0144,72.8479,35,3.09,31.0,2025-11-09 06:07:25,Smoke,smoke,Low
Bhopal,23.2667,77.4,17,1.03,24.1,2025-11-09 05:58:39,Haze,haze,Low
Indore,22.7179,75.8333,23,2.57,25.1,2025-11-09 06:02:14,Haze,haze,Low
Bengaluru,12.9762,77.6033,43,9.39,25.9,2025-11-09 06:05:19,Clear,clear sky,Moderate
Delhi,28.6667,77.2167,46,2.06,21.1,2025-11-09 06:00:04,Smoke,smoke,Low
Mumbai,19.0144,72.8479,35,3.09,31.0,2025-11-09 06:07:25,Smoke,smoke,Low
Bhopal,23.2667,77.4,17,1.03,24.1,2025-11-09 05:58:39,Haze,haze,Low
Indore,22.7179,75.8333,23,2.57,25.1,2025-11-09 06:02:14,Haze,haze,Low
Bengaluru,12.9762,77.6033,43,9.39,25.9,2025-11-09 06:05:19,Clear,clear sky,Moderate
Delhi,28.6667,77.2167,46,2.06,21.1,2025-11-09 06:00:04,Smoke,smoke,Low
Mumbai,19.0144,72.8479,35,3.09,31.0,2025-11-09 06:07:25,Smoke,smoke,Low
Bhopal,23.2667,77.4,17,1.03,24.1,2025-11-09 05:58:39,Haze,haze,Low
Indore,22.7179,75.8333,23,2.57,25.1,2025-11-09 06:02:14,Haze,haze,Low
Bengaluru,12.9762,77.6033,43,9.39,25.9,2025-11-09 06:05:19,Clear,clear sky,Moderate
Delhi,28.6667,77.2167,46,2.06,21.1,2025-11-09 06:10:26,Smoke,smoke,Low
Mumbai,19.0144,72.8479,35,3.09,31.0,2025-11-09 06:07:25,Smoke,smoke,Low
Bhopal,23.2667,77.4,17,1.03,24.1,2025-11-09 06:11:31,Haze,haze,Low
Indore,22.7179,75.8333,23,2.57,25.1,2025-11-09 06:09:21,Clear,clear sky,Low
Bengaluru,12.9762,77.6033,43,9.39,25.9,2025-11-09 06:05:19,Clear,clear sky,Moderate
Delhi,28.6667,77.2167,46,2.06,21.1,2025-11-09 06:10:26,Smoke,smoke,Low
Mumbai,19.0144,72.8479,35,3.09,31.0,2025-11-09 06:07:25,Smoke,smoke,Low
Bhopal,23.2667,77.4,17,1.03,24.1,2025-11-09 06:11:31,Haze,haze,Low
Indore,22.7179,75.8333,23,2.57,25.1,2025-11-09 06:09:21,Clear,clear sky,Low
Bengaluru,12.9762,77.6033,43,9.39,26.1,2025-11-09 06:13:40,Clear,clear sky,Moderate
Delhi,28.6667,77.2167,46,2.06,21.1,2025-11-09 06:10:26,Smoke,smoke,Low
Mumbai,19.0144,72.8479,35,3.09,31.0,2025-11-09 06:14:41,Smoke,smoke,Low
Bhopal,23.2667,77.4,17,1.03,24.1,2025-11-09 06:11:31,Haze,haze,Low
Indore,22.7179,75.8333,23,2.57,25.1,2025-11-09 06:09:21,Clear,clear sky,Low
Bengaluru,12.9762,77.6033,43,9.39,26.1,2025-11-09 06:13:40,Clear,clear sky,Moderate
Delhi,28.6667,77.2167,46,2.06,21.1,2025-11-09 06:10:26,Smoke,smoke,Low
Mumbai,19.0144,72.8479,35,3.09,31.0,2025-11-09 06:14:41,Smoke,smoke,Low
Bhopal,23.2667,77.4,17,1.03,24.1,2025-11-09 06:11:31,Haze,haze,Low
Indore,22.7179,75.8333,23,2.57,25.1,2025-11-09 06:09:21,Clear,clear sky,Low
Bengaluru,12.9762,77.6033,43,9.39,26.1,2025-11-09 06:13:40,Clear,clear sky,Moderate
Delhi,28.6667,77.2167,46,2.06,21.1,2025-11-09 06:10:26,Smoke,smoke,Low
Mumbai,19.0144,72.8479,35,3.09,31.0,2025-11-09 06:14:41,Smoke,smoke,Low
Bhopal,23.2667,77.4,17,1.03,24.1,2025-11-09 06:11:31,Haze,haze,Low
Indore,22.7179,75.8333,23,2.57,25.1,2025-11-09 06:09:21,Clear,clear sky,Low
Bengaluru,12.9762,77.6033,43,9.39,26.1,2025-11-09 06:13:40,Clear,clear sky,Moderate
Delhi,28.6667,77.2167,38,2.57,23.1,2025-11-09 06:19:39,Haze,haze,Low
Mumbai,19.0144,72.8479,35,3.09,31.0,2025-11-09 06:14:41,Smoke,smoke,Low
Bhopal,23.2667,77.4,20,1.54,24.1,2025-11-09 06:23:06,Clear,clear sky,Low
Indore,22.7179,75.8333,23,2.57,25.1,2025-11-09 06:23:59,Clear,clear sky,Low
Bengaluru,12.9762,77.6033,43,9.39,26.1,2025-11-09 06:13:40,Clear,clear sky,Moderate
Delhi,28.6667,77.2167,38,2.57,23.1,2025-11-09 06:19:39,Haze,haze,Low
Mumbai,19.0144,72.8479,35,3.09,31.0,2025-11-09 06:14:41,Smoke,smoke,Low
Bhopal,23.2667,77.4,20,1.54,24.1,2025-11-09 06:23:06,Clear,clear sky,Low
Indore,22.7179,75.8333,23,2.57,25.1,2025-11-09 06:23:59,Clear,clear sky,Low
Bengaluru,12.9762,77.6033,42,9.39,26.1,2025-11-09 06:23:56,Clear,clear sky,Moderate
Delhi,28.6667,77.2167,38,2.57,23.1,2025-11-09 06:40:34,Haze,haze,Low
Mumbai,19.0144,72.8479,35,4.63,31.0,2025-11-09 06:34:08,Smoke,smoke,Low
Bhopal,23.2667,77.4,20,1.54,24.1,2025-11-09 06:33:21,Clear,clear sky,Low
Indore,22.7179,75.8333,17,2.57,26.1,2025-11-09 06:43:42,Clear,clear sky,Low
Bengaluru,12.9762,77.6033,42,8.94,26.2,2025-11-09 06:39:06,Clear,clear sky,Moderate
Delhi,28.6667,77.2167,35,2.57,24.1,2025-11-09 06:44:17,Haze,haze,Low
Mumbai,19.0144,72.8479,35,4.63,31.0,2025-11-09 06:39:10,Smoke,smoke,Low
Bhopal,23.2667,77.4,20,1.54,24.1,2025-11-09 06:45:40,Clear,clear sky,Low
Indore,22.7179,75.8333,23,2.57,25.1,2025-11-09 06:32:35,Clear,clear sky,Low
Bengaluru,12.9762,77.6033,42,8.94,26.3,2025-11-09 06:44:09,Clear,clear sky,Moderate
Delhi,28.6667,77.2167,35,2.57,24.1,2025-11-09 06:44:17,Haze,haze,Low
Mumbai,19.0144,72.8479,35,4.63,31.0,2025-11-09 06:39:10,Smoke,smoke,Low
Bhopal,23.2667,77.4,20,1.54,24.1,2025-11-09 06:45:40,Clear,clear sky,Low
Indore,22.7179,75.8333,17,2.57,26.1,2025-11-09 06:47:32,Clear,clear sky,Low
Bengaluru,12.9762,77.6033,42,8.94,26.3,2025-11-09 06:44:09,Clear,clear sky,Moderate
Delhi,28.6667,77.2167,35,2.57,24.1,2025-11-09 06:44:17,Haze,haze,Low
Mumbai,19.0144,72.8479,35,4.63,31.0,2025-11-09 06:49:46,Smoke,smoke,Low
Bhopal,23.2667,77.4,20,1.54,24.1,2025-11-09 06:45:40,Clear,clear sky,Low
Indore,22.7179,75.8333,17,2.57,26.1,2025-11-09 06:47:32,Clear,clear sky,Low
Bengaluru,12.9762,77.6033,42,8.94,26.3,2025-11-09 06:44:09,Clear,clear sky,Moderate
Delhi,28.6667,77.2167,35,2.57,24.1,2025-11-09 06:44:17,Haze,haze,Low
Mumbai,19.0144,72.8479,35,4.63,31.0,2025-11-09 06:49:46,Smoke,smoke,Low
Bhopal,23.2667,77.4,20,1.54,24.1,2025-11-09 06:45:40,Clear,clear sky,Low
Indore,22.7179,75.8333,17,2.57,26.1,2025-11-09 06:47:32,Clear,clear sky,Low
Bengaluru,12.9762,77.6033,42,8.94,26.3,2025-11-09 06:44:09,Clear,clear sky,Moderate
Delhi,28.6667,77.2167,35,2.57,24.1,2025-11-09 06:44:17,Haze,haze,Low
Mumbai,19.0144,72.8479,35,4.63,31.0,2025-11-09 06:49:46,Smoke,smoke,Low
Bhopal,23.2667,77.4,20,1.54,24.1,2025-11-09 06:45:40,Clear,clear sky,Low
Indore,22.7179,75.8333,17,2.57,26.1,2025-11-09 06:47:32,Clear,clear sky,Low
Bengaluru,12.9762,77.6033,42,8.94,26.3,2025-11-09 06:44:09,Clear,clear sky,Moderate
Delhi,28.6667,77.2167,35,2.57,24.1,2025-11-09 06:54:59,Haze,haze,Low
Mumbai,19.0144,72.8479,35,4.63,31.0,2025-11-09 06:49:46,Smoke,smoke,Low
Bhopal,23.2667,77.4,20,1.54,24.1,2025-11-09 06:54:39,Clear,clear sky,Low
Indore,22.7179,75.8333,17,2.57,26.1,2025-11-09 06:47:32,Clear,clear sky,Low
Bengaluru,12.9762,77.6033,42,8.94,26.2,2025-11-09 06:54:24,Clear,clear sky,Moderate
Delhi,28.6667,77.2167,35,2.57,24.1,2025-11-09 06:54:59,Haze,haze,Low
Mumbai,19.0144,72.8479,35,4.63,31.0,2025-11-09 06:49:46,Smoke,smoke,Low
Bhopal,23.2667,77.4,20,1.54,24.1,2025-11-09 06:54:39,Clear,clear sky,Low
Indore,22.7179,75.8333,17,2.57,26.1,2025-11-09 06:54:19,Clear,clear sky,Low
Bengaluru,12.9762,77.6033,42,8.94,26.2,2025-11-09 06:54:24,Clear,clear sky,Moderate
Delhi,28.6667,77.2167,35,2.57,24.1,2025-11-09 06:54:59,Haze,haze,Low
Mumbai,19.0144,72.8479,35,4.63,31.0,2025-11-09 06:55:26,Smoke,smoke,Low
Bhopal,23.2667,77.4,20,1.54,24.1,2025-11-09 06:54:39,Clear,clear sky,Low
Indore,22.7179,75.8333,17,2.57,26.1,2025-11-09 06:54:19,Clear,clear sky,Low
Bengaluru,12.9762,77.6033,42,8.94,26.2,2025-11-09 06:54:24,Clear,clear sky,Moderate
Delhi,28.6667,77.2167,35,2.57,24.1,2025-11-09 06:54:59,Haze,haze,Low
Mumbai,19.0144,72.8479,35,4.63,31.0,2025-11-09 06:55:26,Smoke,smoke,Low
Bhopal,23.2667,77.4,20,1.54,24.1,2025-11-09 06:54:39,Clear,clear sky,Low
Indore,22.7179,75.8333,17,2.57,26.1,2025-11-09 06:54:19,Clear,clear sky,Low
Bengaluru,12.9762,77.6033,42,8.94,26.2,2025-11-09 06:54:24,Clear,clear sky,Moderate
Delhi,28.6667,77.2167,35,2.57,24.1,2025-11-09 06:54:59,Haze,haze,Low
Mumbai,19.0144,72.8479,35,4.63,31.0,2025-11-09 06:55:26,Smoke,smoke,Low
Bhopal,23.2667,77.4,20,1.54,24.1,2025-11-09 06:54:39,Clear,clear sky,Low
Indore,22.7179,75.8333,17,2.57,26.1,2025-11-09 06:54:19,Clear,clear sky,Low
Bengaluru,12.9762,77.6033,42,8.94,26.2,2025-11-09 06:54:24,Clear,clear sky,Moderate
Delhi,28.6667,77.2167,35,2.57,24.1,2025-11-09 07:05:13,Haze,haze,Low
Mumbai,19.0144,72.8479,35,4.63,31.0,2025-11-09 06:55:26,Smoke,smoke,Low
Bhopal,23.2667,77.4,20,1.54,24.1,2025-11-09 07:06:01,Clear,clear sky,Low
Indore,22.7179,75.8333,17,2.57,26.1,2025-11-09 06:54:19,Clear,clear sky,Low
Bengaluru,12.9762,77.6033,41,8.94,26.3,2025-11-09 07:05:15,Clear,clear sky,Moderate
Delhi,28.6667,77.2167,35,2.57,24.1,2025-11-09 07:05:13,Haze,haze,Low
Mumbai,19.0144,72.8479,35,4.63,31.0,2025-11-09 06:55:26,Smoke,smoke,Low
Bhopal,23.2667,77.4,20,1.54,24.1,2025-11-09 07:06:01,Clear,clear sky,Low
Indore,22.7179,75.8333,17,3.09,26.1,2025-11-09 07:06:54,Clear,clear sky,Low
Bengaluru,12.9762,77.6033,41,8.94,26.3,2025-11-09 07:05:15,Clear,clear sky,Moderate
Delhi,28.6667,77.2167,35,2.57,24.1,2025-11-09 07:05:13,Haze,haze,Low
Mumbai,19.0144,72.8479,33,4.63,31.0,2025-11-09 07:05:57,Smoke,smoke,Low
Bhopal,23.2667,77.4,20,1.54,24.1,2025-11-09 07:06:01,Clear,clear sky,Low
Indore,22.7179,75.8333,17,3.09,26.1,2025-11-09 07:06:54,Clear,clear sky,Low
Bengaluru,12.9762,77.6033,41,8.94,26.3,2025-11-09 07:05:15,Clear,clear sky,Moderate
Delhi,28.6667,77.2167,35,2.57,24.1,2025-11-09 07:05:13,Haze,haze,Low
Mumbai,19.0144,72.8479,33,4.63,31.0,2025-11-09 07:05:57,Smoke,smoke,Low
Bhopal,23.2667,77.4,20,1.54,24.1,2025-11-09 07:06:01,Clear,clear sky,Low
Indore,22.7179,75.8333,17,3.09,26.1,2025-11-09 07:06:54,Clear,clear sky,Low
Bengaluru,12.9762,77.6033,41,8.94,26.3,2025-11-09 07:05:15,Clear,clear sky,Moderate
Delhi,28.6667,77.2167,35,2.57,24.1,2025-11-09 07:05:13,Haze,haze,Low
Mumbai,19.0144,72.8479,33,4.63,31.0,2025-11-09 07:05:57,Smoke,smoke,Low
Bhopal,23.2667,77.4,20,1.54,24.1,2025-11-09 07:06:01,Clear,clear sky,Low
Indore,22.7179,75.8333,17,3.09,26.1,2025-11-09 07:06:54,Clear,clear sky,Low
Bengaluru,12.9762,77.6033,41,8.94,26.3,2025-11-09 07:05:15,Clear,clear sky,Moderate
Delhi,28.6667,77.2167,35,2.57,24.1,2025-11-09 07:12:27,Haze,haze,Low
Mumbai,19.0144,72.8479,33,4.63,31.0,2025-11-09 07:05:57,Smoke,smoke,Low
Bhopal,23.2667,77.4,18,2.06,25.1,2025-11-09 07:17:12,Clear,clear sky,Low
Indore,22.7179,75.8333,17,3.09,26.1,2025-11-09 07:06:54,Clear,clear sky,Low
Bengaluru,12.9762,77.6033,41,8.94,26.6,2025-11-09 07:15:48,Clear,clear sky,Moderate
Delhi,28.6667,77.2167,35,2.57,24.1,2025-11-09 07:12:27,Haze,haze,Low
Mumbai,19.0144,72.8479,33,4.63,31.0,2025-11-09 07:05:57,Smoke,smoke,Low
Bhopal,23.2667,77.4,18,2.06,25.1,2025-11-09 07:17:12,Clear,clear sky,Low
Indore,22.7179,75.8333,17,3.09,26.1,2025-11-09 07:17:40,Clear,clear sky,Low
Bengaluru,12.9762,77.6033,41,8.94,26.6,2025-11-09 07:15:48,Clear,clear sky,Moderate
Delhi,28.6667,77.2167,31,2.57,25.1,2025-11-09 11:48:55,Haze,haze,Low
Mumbai,19.0144,72.8479,35,3.6,30.0,2025-11-09 11:53:15,Smoke,smoke,Low
Bhopal,23.2667,77.4,22,1.03,25.1,2025-11-09 11:52:30,Clear,clear sky,Low
Indore,22.7179,75.8333,27,1.54,25.1,2025-11-09 11:52:53,Clear,clear sky,Low
Bengaluru,12.9762,77.6033,42,4.92,25.9,2025-11-09 12:00:12,Clouds,scattered clouds,Low
Delhi,28.6667,77.2167,31,2.57,25.1,2025-11-09 12:03:42,Haze,haze,Low
Mumbai,19.0144,72.8479,35,3.6,30.0,2025-11-09 12:06:47,Smoke,smoke,Low
Bhopal,23.2667,77.4,22,1.03,25.1,2025-11-09 12:02:50,Clear,clear sky,Low
Indore,22.7179,75.8333,27,1.54,25.1,2025-11-09 12:07:49,Clear,clear sky,Low
Bengaluru,12.9762,77.6033,42,4.92,25.9,2025-11-09 12:00:12,Clouds,scattered clouds,Low
Delhi,28.6667,77.2167,31,2.57,25.1,2025-11-09 12:03:42,Haze,haze,Low
Mumbai,19.0144,72.8479,35,3.6,30.0,2025-11-09 12:06:47,Smoke,smoke,Low
Bhopal,23.2667,77.4,22,1.03,25.1,2025-11-09 12:02:50,Clear,clear sky,Low
Indore,22.7179,75.8333,27,1.54,25.1,2025-11-09 12:07:49,Clear,clear sky,Low
Bengaluru,12.9762,77.6033,42,4.92,25.9,2025-11-09 12:10:52,Clouds,scattered clouds,Low
Delhi,28.6667,77.2167,31,2.57,25.1,2025-11-09 12:03:42,Haze,haze,Low
Mumbai,19.0144,72.8479,35,3.6,30.0,2025-11-09 12:06:47,Smoke,smoke,Low
Bhopal,23.2667,77.4,22,1.03,25.1,2025-11-09 12:02:50,Clear,clear sky,Low
Indore,22.7179,75.8333,27,1.54,25.1,2025-11-09 12:07:49,Clear,clear sky,Low
Bengaluru,12.9762,77.6033,42,4.92,25.9,2025-11-09 12:10:52,Clouds,scattered clouds,Low
Delhi,28.6667,77.2167,31,2.57,25.1,2025-11-09 12:10:50,Haze,haze,Low
Mumbai,19.0144,72.8479,35,3.6,30.0,2025-11-09 12:06:47,Smoke,smoke,Low
Bhopal,23.2667,77.4,22,1.03,25.1,2025-11-09 12:02:50,Clear,clear sky,Low
Indore,22.7179,75.8333,27,1.54,25.1,2025-11-09 12:07:49,Clear,clear sky,Low
Bengaluru,12.9762,77.6033,42,4.92,25.9,2025-11-09 12:10:52,Clouds,scattered clouds,Low
Delhi,28.6667,77.2167,31,2.57,25.1,2025-11-09 12:10:50,Haze,haze,Low
Mumbai,19.0144,72.8479,35,3.6,30.0,2025-11-09 12:06:47,Smoke,smoke,Low
Bhopal,23.2667,77.4,21,1.03,23.1,2025-11-09 12:13:07,Clear,clear sky,Low
Indore,22.7179,75.8333,27,1.54,25.1,2025-11-09 12:07:49,Clear,clear sky,Low
Bengaluru,12.9762,77.6033,42,4.92,25.9,2025-11-09 12:10:52,Clouds,scattered clouds,Low
Delhi,28.6667,77.2167,31,2.57,25.1,2025-11-09 12:10:50,Haze,haze,Low
Mumbai,19.0144,72.8479,45,3.6,29.0,2025-11-09 12:14:51,Smoke,smoke,Low
Bhopal,23.2667,77.4,21,1.03,23.1,2025-11-09 12:13:07,Clear,clear sky,Low
Indore,22.7179,75.8333,33,1.54,23.1,2025-11-09 12:17:18,Clear,clear sky,Low
Bengaluru,12.9762,77.6033,42,4.92,25.9,2025-11-09 12:10:52,Clouds,scattered clouds,Low
Delhi,28.6667,77.2167,33,2.06,24.1,2025-11-09 12:16:45,Haze,haze,Low
Mumbai,19.0144,72.8479,35,3.6,30.0,2025-11-09 12:11:54,Smoke,smoke,Low
Bhopal,23.2667,77.4,21,1.03,23.1,2025-11-09 12:18:35,Clear,clear sky,Low
Indore,22.7179,75.8333,33,1.54,23.1,2025-11-09 12:18:52,Clear,clear sky,Low
Bengaluru,12.9762,77.6033,46,4.47,24.9,2025-11-09 12:15:11,Clouds,scattered clouds,Low
Delhi,28.6667,77.2167,33,2.06,24.1,2025-11-09 12:16:45,Haze,haze,Low
Mumbai,19.0144,72.8479,45,3.6,29.0,2025-11-09 12:20:08,Smoke,smoke,Low
Bhopal,23.2667,77.4,21,1.03,23.1,2025-11-09 12:18:35,Clear,clear sky,Low
Indore,22.7179,75.8333,33,1.54,23.1,2025-11-09 12:18:52,Clear,clear sky,Low
Bengaluru,12.9762,77.6033,46,4.47,24.9,2025-11-09 12:15:11,Clouds,scattered clouds,Low
Delhi,28.6667,77.2167,33,2.06,24.1,2025-11-09 12:16:45,Haze,haze,Low
Mumbai,19.0144,72.8479,45,3.6,29.0,2025-11-09 12:20:08,Smoke,smoke,Low
Bhopal,23.2667,77.4,21,1.03,23.1,2025-11-09 12:18:35,Clear,clear sky,Low
Indore,22.7179,75.8333,33,1.54,23.1,2025-11-09 12:18:52,Clear,clear sky,Low
Bengaluru,12.9762,77.6033,46,4.47,24.9,2025-11-09 12:15:11,Clouds,scattered clouds,Low
Delhi,28.6667,77.2167,33,2.06,24.1,2025-11-09 12:16:45,Haze,haze,Low
Mumbai,19.0144,72.8479,45,3.6,29.0,2025-11-09 12:20:08,Smoke,smoke,Low
Bhopal,23.2667,77.4,21,1.03,23.1,2025-11-09 12:18:35,Clear,clear sky,Low
Indore,22.7179,75.8333,33,1.54,23.1,2025-11-09 12:18:52,Clear,clear sky,Low
Bengaluru,12.9762,77.6033,46,4.47,24.9,2025-11-09 12:15:11,Clouds,scattered clouds,Low
Delhi,28.6667,77.2167,33,2.06,24.1,2025-11-09 12:16:45,Haze,haze,Low
Mumbai,19.0144,72.8479,45,3.6,29.0,2025-11-09 12:20:08,Smoke,smoke,Low
Bhopal,23.2667,77.4,21,1.03,23.1,2025-11-09 12:18:35,Clear,clear sky,Low
Indore,22.7179,75.8333,33,1.54,23.1,2025-11-09 12:18:52,Clear,clear sky,Low
Bengaluru,12.9762,77.6033,50,4.47,24.8,2025-11-09 12:26:13,Clouds,scattered clouds,Low
Delhi,28.6667,77.2167,33,2.06,24.1,2025-11-09 12:29:58,Haze,haze,Low
Mumbai,19.0144,72.8479,45,3.6,29.0,2025-11-09 12:20:08,Smoke,smoke,Low
Bhopal,23.2667,77.4,21,1.03,23.1,2025-11-09 12:28:37,Clear,clear sky,Low
Indore,22.7179,75.8333,33,1.54,23.1,2025-11-09 12:31:19,Clear,clear sky,Low
Bengaluru,12.9762,77.6033,50,4.47,24.8,2025-11-09 12:26:13,Clouds,scattered clouds,Low
Delhi,28.6667,77.2167,33,2.06,24.1,2025-11-09 12:29:58,Haze,haze,Low
Mumbai,19.0144,72.8479,45,3.6,29.0,2025-11-09 12:32:43,Smoke,smoke,Low
Bhopal,23.2667,77.4,21,1.03,23.1,2025-11-09 12:28:37,Clear,clear sky,Low
Indore,22.7179,75.8333,33,1.54,23.1,2025-11-09 12:31:19,Clear,clear sky,Low
Bengaluru,12.9762,77.6033,50,4.47,24.8,2025-11-09 12:26:13,Clouds,scattered clouds,Low
Delhi,28.6667,77.2167,33,2.06,24.1,2025-11-09 12:29:58,Haze,haze,Low
Mumbai,19.0144,72.8479,45,3.6,29.0,2025-11-09 12:32:43,Smoke,smoke,Low
Bhopal,23.2667,77.4,21,1.03,23.1,2025-11-09 12:28:37,Clear,clear sky,Low
Indore,22.7179,75.8333,33,1.54,23.1,2025-11-09 12:31:19,Clear,clear sky,Low
Bengaluru,12.9762,77.6033,50,4.47,24.8,2025-11-09 12:26:13,Clouds,scattered clouds,Low
Delhi,28.6667,77.2167,40,2.06,21.1,2025-11-09 13:46:13,Haze,haze,Low
Mumbai,19.0144,72.8479,51,3.09,28.0,2025-11-09 13:50:10,Smoke,smoke,Low
Bhopal,23.2667,77.4,26,1.03,21.1,2025-11-09 13:46:50,Haze,haze,Low
Indore,22.7179,75.8333,37,2.06,22.1,2025-11-09 13:46:23,Clear,clear sky,Low
Bengaluru,12.9762,77.6033,57,3.58,22.5,2025-11-09 13:44:59,Clear,clear sky,Low
Delhi,28.6667,77.2167,40,2.06,21.1,2025-11-09 13:46:13,Haze,haze,Low
Mumbai,19.0144,72.8479,51,3.09,28.0,2025-11-09 13:50:10,Smoke,smoke,Low
Bhopal,23.2667,77.4,26,1.03,21.1,2025-11-09 13:46:50,Haze,haze,Low
Indore,22.7179,75.8333,37,2.06,22.1,2025-11-09 13:46:23,Clear,clear sky,Low
Bengaluru,12.9762,77.6033,57,3.58,22.5,2025-11-09 13:44:59,Clear,clear sky,Low
Delhi,28.6667,77.2167,40,2.06,21.1,2025-11-09 13:47:24,Haze,haze,Low
Mumbai,19.0144,72.8479,51,3.09,28.0,2025-11-09 13:53:42,Smoke,smoke,Low
Bhopal,23.2667,77.4,26,1.03,21.1,2025-11-09 13:55:56,Haze,haze,Low
Indore,22.7179,75.8333,37,2.06,22.1,2025-11-09 13:55:33,Clear,clear sky,Low
Bengaluru,12.9762,77.6033,58,3.58,22.2,2025-11-09 13:49:49,Clear,clear sky,Low
Delhi,28.6667,77.2167,40,2.06,21.1,2025-11-09 13:47:24,Haze,haze,Low
Mumbai,19.0144,72.8479,51,3.09,28.0,2025-11-09 13:53:42,Smoke,smoke,Low
Bhopal,23.2667,77.4,26,1.03,21.1,2025-11-09 13:55:56,Haze,haze,Low
Indore,22.7179,75.8333,37,2.06,22.1,2025-11-09 13:55:33,Clear,clear sky,Low
Bengaluru,12.9762,77.6033,58,3.58,22.2,2025-11-09 13:49:49,Clear,clear sky,Low
Delhi,28.6667,77.2167,40,2.06,21.1,2025-11-09 13:47:24,Haze,haze,Low
Mumbai,19.0144,72.8479,51,3.09,28.0,2025-11-09 13:53:42,Smoke,smoke,Low
Bhopal,23.2667,77.4,26,1.03,21.1,2025-11-09 13:55:56,Haze,haze,Low
Indore,22.7179,75.8333,37,2.06,22.1,2025-11-09 13:55:33,Clear,clear sky,Low
Bengaluru,12.9762,77.6033,58,3.58,22.2,2025-11-09 14:00:01,Clear,clear sky,Low
Delhi,28.6667,77.2167,40,2.06,21.1,2025-11-09 14:01:40,Haze,haze,Low
Mumbai,19.0144,72.8479,51,3.09,28.0,2025-11-09 13:53:42,Smoke,smoke,Low
Bhopal,23.2667,77.4,26,1.03,21.1,2025-11-09 13:55:56,Haze,haze,Low
Indore,22.7179,75.8333,37,2.06,22.1,2025-11-09 13:55:33,Clear,clear sky,Low
Bengaluru,12.9762,77.6033,58,3.58,22.2,2025-11-09 14:00:01,Clear,clear sky,Low
Delhi,28.6667,77.2167,40,2.06,21.1,2025-11-09 14:01:40,Haze,haze,Low
Mumbai,19.0144,72.8479,51,3.09,28.0,2025-11-09 13:53:42,Smoke,smoke,Low
Bhopal,23.2667,77.4,26,1.03,21.1,2025-11-09 13:55:56,Haze,haze,Low
Indore,22.7179,75.8333,37,2.06,22.1,2025-11-09 13:55:33,Clear,clear sky,Low
Bengaluru,12.9762,77.6033,58,3.58,22.2,2025-11-09 14:00:01,Clear,clear sky,Low
Delhi,28.6667,77.2167,40,2.06,21.1,2025-11-09 13:58:00,Haze,haze,Low
Mumbai,19.0144,72.8479,51,3.09,28.0,2025-11-09 13:59:20,Smoke,smoke,Low
Bhopal,23.2667,77.4,26,1.03,21.1,2025-11-09 14:02:42,Haze,haze,Low
Indore,22.7179,75.8333,37,2.06,22.1,2025-11-09 14:07:14,Clear,clear sky,Low
Bengaluru,12.9762,77.6033,58,3.58,22.2,2025-11-09 14:00:01,Clear,clear sky,Low
Delhi,28.6667,77.2167,40,2.06,21.1,2025-11-09 14:07:00,Haze,haze,Low
Mumbai,19.0144,72.8479,51,3.09,28.0,2025-11-09 13:59:20,Smoke,smoke,Low
Bhopal,23.2667,77.4,26,1.03,21.1,2025-11-09 14:02:42,Haze,haze,Low
Indore,22.7179,75.8333,37,2.06,22.1,2025-11-09 14:07:14,Clear,clear sky,Low
Bengaluru,12.9762,77.6033,58,3.58,22.2,2025-11-09 14:00:01,Clear,clear sky,Low
Delhi,28.6667,77.2167,40,2.06,21.1,2025-11-09 14:07:00,Haze,haze,Low
Mumbai,19.0144,72.8479,51,3.09,28.0,2025-11-09 14:07:55,Smoke,smoke,Low
Bhopal,23.2667,77.4,26,1.03,21.1,2025-11-09 14:02:42,Haze,haze,Low
Indore,22.7179,75.8333,37,2.06,22.1,2025-11-09 14:07:14,Clear,clear sky,Low
Bengaluru,12.9762,77.6033,58,3.58,22.3,2025-11-09 14:10:14,Clear,clear sky,Low
Delhi,28.6667,77.2167,40,2.06,21.1,2025-11-09 14:07:00,Haze,haze,Low
Mumbai,19.0144,72.8479,51,3.09,28.0,2025-11-09 14:07:55,Smoke,smoke,Low
Bhopal,23.2667,77.4,26,1.03,21.1,2025-11-09 14:02:42,Haze,haze,Low
Indore,22.7179,75.8333,37,2.06,22.1,2025-11-09 14:07:14,Clear,clear sky,Low
Bengaluru,12.9762,77.6033,58,3.58,22.3,2025-11-09 14:10:14,Clear,clear sky,Low
Delhi,28.6667,77.2167,40,2.06,21.1,2025-11-09 14:07:00,Haze,haze,Low
Mumbai,19.0144,72.8479,51,3.09,28.0,2025-11-09 14:07:55,Smoke,smoke,Low
Bhopal,23.2667,77.4,26,1.03,21.1,2025-11-09 14:02:42,Haze,haze,Low
Indore,22.7179,75.8333,37,2.06,22.1,2025-11-09 14:07:14,Clear,clear sky,Low
Bengaluru,12.9762,77.6033,58,3.58,22.3,2025-11-09 14:10:14,Clear,clear sky,Low
Delhi,28.6667,77.2167,40,2.06,21.1,2025-11-09 14:07:00,Haze,haze,Low
Mumbai,19.0144,72.8479,51,3.09,28.0,2025-11-09 14:07:55,Smoke,smoke,Low
Bhopal,23.2667,77.4,26,1.03,21.1,2025-11-09 14:02:42,Haze,haze,Low
Indore,22.7179,75.8333,37,2.06,22.1,2025-11-09 14:07:14,Clear,clear sky,Low
Bengaluru,12.9762,77.6033,58,3.58,22.3,2025-11-09 14:10:14,Clear,clear sky,Low
Delhi,28.6667,77.2167,40,2.06,21.1,2025-11-09 14:18:17,Haze,haze,Low
Mumbai,19.0144,72.8479,51,3.09,28.0,2025-11-09 14:07:55,Smoke,smoke,Low
Bhopal,23.2667,77.4,32,0.0,19.1,2025-11-09 14:15:55,Haze,haze,Low
Indore,22.7179,75.8333,40,1.54,21.1,2025-11-09 14:16:36,Clear,clear sky,Low
Bengaluru,12.9762,77.6033,58,3.58,22.3,2025-11-09 14:10:14,Clear,clear sky,Low
Delhi,28.6667,77.2167,40,2.06,21.1,2025-11-09 14:18:17,Haze,haze,Low
Mumbai,19.0144,72.8479,51,3.09,28.0,2025-11-09 14:07:55,Smoke,smoke,Low
Bhopal,23.2667,77.4,32,0.0,19.1,2025-11-09 14:15:55,Haze,haze,Low
Indore,22.7179,75.8333,40,1.54,21.1,2025-11-09 14:16:36,Clear,clear sky,Low
Bengaluru,12.9762,77.6033,58,3.58,22.3,2025-11-09 14:10:14,Clear,clear sky,Low
Delhi,28.6667,77.2167,40,2.06,21.1,2025-11-09 14:18:17,Haze,haze,Low
Mumbai,19.0144,72.8479,57,3.6,27.0,2025-11-09 14:18:14,Smoke,smoke,Low
Bhopal,23.2667,77.4,32,0.0,19.1,2025-11-09 14:15:55,Haze,haze,Low
Indore,22.7179,75.8333,40,1.54,21.1,2025-11-09 14:16:36,Clear,clear sky,Low
Bengaluru,12.9762,77.6033,59,3.58,22.3,2025-11-09 14:21:11,Clear,clear sky,Low
Delhi,28.6667,77.2167,40,2.06,21.1,2025-11-09 14:18:17,Haze,haze,Low
Mumbai,19.0144,72.8479,57,3.6,27.0,2025-11-09 14:18:14,Smoke,smoke,Low
Bhopal,23.2667,77.4,32,0.0,19.1,2025-11-09 14:15:55,Haze,haze,Low
Indore,22.7179,75.8333,40,1.54,21.1,2025-11-09 14:16:36,Clear,clear sky,Low
Bengaluru,12.9762,77.6033,59,3.58,22.3,2025-11-09 14:21:11,Clear,clear sky,Low
Delhi,28.6667,77.2167,40,2.06,21.1,2025-11-09 14:18:17,Haze,haze,Low
Mumbai,19.0144,72.8479,57,3.6,27.0,2025-11-09 14:18:14,Smoke,smoke,Low
Bhopal,23.2667,77.4,32,0.0,19.1,2025-11-09 14:15:55,Haze,haze,Low
Indore,22.7179,75.8333,40,1.54,21.1,2025-11-09 14:16:36,Clear,clear sky,Low
Bengaluru,12.9762,77.6033,59,3.58,22.3,2025-11-09 14:21:11,Clear,clear sky,Low
Delhi,28.6667,77.2167,40,2.06,21.1,2025-11-09 14:25:20,Haze,haze,Low
Mumbai,19.0144,72.8479,57,3.6,27.0,2025-11-09 14:18:14,Smoke,smoke,Low
Bhopal,23.2667,77.4,32,0.0,19.1,2025-11-09 14:23:57,Haze,haze,Low
Indore,22.7179,75.8333,40,1.54,21.1,2025-11-09 14:24:15,Clear,clear sky,Low
Bengaluru,12.9762,77.6033,59,3.58,22.3,2025-11-09 14:21:11,Clear,clear sky,Low
Delhi,28.6667,77.2167,40,2.06,21.1,2025-11-09 14:25:20,Haze,haze,Low
Mumbai,19.0144,72.8479,57,3.6,27.0,2025-11-09 14:18:14,Smoke,smoke,Low
Bhopal,23.2667,77.4,32,0.0,19.1,2025-11-09 14:23:57,Haze,haze,Low
Indore,22.7179,75.8333,40,1.54,21.1,2025-11-09 14:24:15,Clear,clear sky,Low
Bengaluru,12.9762,77.6033,59,3.58,22.3,2025-11-09 14:21:11,Clear,clear sky,Low
Delhi,28.6667,77.2167,40,2.06,21.1,2025-11-09 14:25:20,Haze,haze,Low
Mumbai,19.0144,72.8479,57,3.6,27.0,2025-11-09 14:31:20,Smoke,smoke,Low
Bhopal,23.2667,77.4,32,0.0,19.1,2025-11-09 14:23:57,Haze,haze,Low
Indore,22.7179,75.8333,40,1.54,21.1,2025-11-09 14:24:15,Clear,clear sky,Low
Bengaluru,12.9762,77.6033,59,3.58,22.3,2025-11-09 14:31:19,Clear,clear sky,Low
Delhi,28.6667,77.2167,40,2.06,21.1,2025-11-09 14:25:20,Haze,haze,Low
Mumbai,19.0144,72.8479,57,3.6,27.0,2025-11-09 14:31:20,Smoke,smoke,Low
Bhopal,23.2667,77.4,32,0.0,19.1,2025-11-09 14:23:57,Haze,haze,Low
Indore,22.7179,75.8333,40,1.54,21.1,2025-11-09 14:24:15,Clear,clear sky,Low
Bengaluru,12.9762,77.6033,59,3.58,22.3,2025-11-09 14:31:19,Clear,clear sky,Low
Delhi,28.6667,77.2167,40,2.06,21.1,2025-11-09 14:25:20,Haze,haze,Low
Mumbai,19.0144,72.8479,57,3.6,27.0,2025-11-09 14:31:20,Smoke,smoke,Low
Bhopal,23.2667,77.4,32,0.0,19.1,2025-11-09 14:23:57,Haze,haze,Low
Indore,22.7179,75.8333,40,1.54,21.1,2025-11-09 14:24:15,Clear,clear sky,Low
Bengaluru,12.9762,77.6033,59,3.58,22.3,2025-11-09 14:31:19,Clear,clear sky,Low
Delhi,28.6667,77.2167,40,2.06,21.1,2025-11-09 14:36:47,Haze,haze,Low
Mumbai,19.0144,72.8479,57,3.6,27.0,2025-11-09 14:31:20,Smoke,smoke,Low
Bhopal,23.2667,77.4,32,0.0,19.1,2025-11-09 14:34:55,Haze,haze,Low
Indore,22.7179,75.8333,40,2.06,21.1,2025-11-09 14:36:57,Haze,haze,Low
Bengaluru,12.9762,77.6033,59,3.58,22.3,2025-11-09 14:31:19,Clear,clear sky,Low
Delhi,28.6667,77.2167,40,2.06,21.1,2025-11-09 14:36:47,Haze,haze,Low
Mumbai,19.0144,72.8479,57,3.6,27.0,2025-11-09 14:31:20,Smoke,smoke,Low
Bhopal,23.2667,77.4,32,0.0,19.1,2025-11-09 14:34:55,Haze,haze,Low
Indore,22.7179,75.8333,40,2.06,21.1,2025-11-09 14:36:57,Haze,haze,Low
Bengaluru,12.9762,77.6033,59,3.58,22.3,2025-11-09 14:31:19,Clear,clear sky,Low
Delhi,28.6667,77.2167,40,2.06,21.1,2025-11-09 14:36:47,Haze,haze,Low
Mumbai,19.0144,72.8479,57,3.6,27.0,2025-11-09 14:38:34,Smoke,smoke,Low
Bhopal,23.2667,77.4,32,0.0,19.1,2025-11-09 14:34:55,Haze,haze,Low
Indore,22.7179,75.8333,40,2.06,21.1,2025-11-09 14:36:57,Haze,haze,Low
Bengaluru,12.9762,77.6033,59,3.58,22.0,2025-11-09 14:42:04,Clear,clear sky,Low
Delhi,28.6667,77.2167,40,2.06,21.1,2025-11-09 14:36:47,Haze,haze,Low
Mumbai,19.0144,72.8479,57,3.6,27.0,2025-11-09 14:38:34,Smoke,smoke,Low
Bhopal,23.2667,77.4,32,0.0,19.1,2025-11-09 14:34:55,Haze,haze,Low
Indore,22.7179,75.8333,40,2.06,21.1,2025-11-09 14:36:57,Haze,haze,Low
Bengaluru,12.9762,77.6033,59,3.58,22.0,2025-11-09 14:42:04,Clear,clear sky,Low
Delhi,28.6667,77.2167,40,2.06,21.1,2025-11-09 14:36:47,Haze,haze,Low
Mumbai,19.0144,72.8479,57,3.6,27.0,2025-11-09 14:38:34,Smoke,smoke,Low
Bhopal,23.2667,77.4,32,0.0,19.1,2025-11-09 14:34:55,Haze,haze,Low
Indore,22.7179,75.8333,40,2.06,21.1,2025-11-09 14:36:57,Haze,haze,Low
Bengaluru,12.9762,77.6033,59,3.58,22.0,2025-11-09 14:42:04,Clear,clear sky,Low
Delhi,28.6667,77.2167,45,2.06,20.1,2025-11-09 14:47:45,Haze,haze,Low
Mumbai,19.0144,72.8479,57,3.6,27.0,2025-11-09 14:38:34,Smoke,smoke,Low
Bhopal,23.2667,77.4,30,0.51,20.1,2025-11-09 14:48:39,Haze,haze,Low
Indore,22.7179,75.8333,40,2.06,21.1,2025-11-09 14:47:25,Haze,haze,Low
Bengaluru,12.9762,77.6033,59,3.58,22.0,2025-11-09 14:42:04,Clear,clear sky,Low
Delhi,28.6667,77.2167,45,2.06,20.1,2025-11-09 14:47:45,Haze,haze,Low
Mumbai,19.0144,72.8479,57,3.6,27.0,2025-11-09 14:38:34,Smoke,smoke,Low
Bhopal,23.2667,77.4,30,0.51,20.1,2025-11-09 14:48:39,Haze,haze,Low
Indore,22.7179,75.8333,40,2.06,21.1,2025-11-09 14:47:25,Haze,haze,Low
Bengaluru,12.9762,77.6033,59,3.58,22.0,2025-11-09 14:42:04,Clear,clear sky,Low
Delhi,28.6667,77.2167,45,2.06,20.1,2025-11-09 14:47:45,Haze,haze,Low
Mumbai,19.0144,72.8479,57,3.09,27.0,2025-11-09 14:49:56,Smoke,smoke,Low
Bhopal,23.2667,77.4,30,0.51,20.1,2025-11-09 14:48:39,Haze,haze,Low
Indore,22.7179,75.8333,40,2.06,21.1,2025-11-09 14:47:25,Haze,haze,Low
Bengaluru,12.9762,77.6033,60,3.13,22.0,2025-11-09 14:52:33,Clear,clear sky,Low
Delhi,28.6667,77.2167,45,2.06,20.1,2025-11-09 14:47:45,Haze,haze,Low
Mumbai,19.0144,72.8479,57,3.09,27.0,2025-11-09 14:49:56,Smoke,smoke,Low
Bhopal,23.2667,77.4,30,0.51,20.1,2025-11-09 14:48:39,Haze,haze,Low
Indore,22.7179,75.8333,40,2.06,21.1,2025-11-09 14:47:25,Haze,haze,Low
Bengaluru,12.9762,77.6033,60,3.13,22.0,2025-11-09 14:52:33,Clear,clear sky,Low
Delhi,28.6667,77.2167,45,2.06,20.1,2025-11-09 14:47:45,Haze,haze,Low
Mumbai,19.0144,72.8479,57,3.09,27.0,2025-11-09 14:49:56,Smoke,smoke,Low
Bhopal,23.2667,77.4,30,0.51,20.1,2025-11-09 14:48:39,Haze,haze,Low
Indore,22.7179,75.8333,40,2.06,21.1,2025-11-09 14:47:25,Haze,haze,Low
Bengaluru,12.9762,77.6033,60,3.13,22.0,2025-11-09 14:52:33,Clear,clear sky,Low
Delhi,28.6667,77.2167,45,2.06,20.1,2025-11-09 14:55:49,Haze,haze,Low
Mumbai,19.0144,72.8479,57,3.09,27.0,2025-11-09 14:49:56,Smoke,smoke,Low
Bhopal,23.2667,77.4,30,0.51,20.1,2025-11-09 14:56:02,Haze,haze,Low
Indore,22.7179,75.8333,40,2.06,21.1,2025-11-09 14:58:49,Haze,haze,Low
Bengaluru,12.9762,77.6033,60,3.13,22.0,2025-11-09 14:52:33,Clear,clear sky,Low
Delhi,28.6667,77.2167,45,2.06,20.1,2025-11-09 14:55:49,Haze,haze,Low
Mumbai,19.0144,72.8479,57,3.09,27.0,2025-11-09 14:49:56,Smoke,smoke,Low
Bhopal,23.2667,77.4,30,0.51,20.1,2025-11-09 14:56:02,Haze,haze,Low
Indore,22.7179,75.8333,40,2.06,21.1,2025-11-09 14:58:49,Haze,haze,Low
Bengaluru,12.9762,77.6033,60,3.13,22.0,2025-11-09 14:52:33,Clear,clear sky,Low
Delhi,28.6667,77.2167,45,2.06,20.1,2025-11-09 14:55:49,Haze,haze,Low
Mumbai,19.0144,72.8479,57,3.09,27.0,2025-11-09 15:00:48,Smoke,smoke,Low
Bhopal,23.2667,77.4,30,0.51,20.1,2025-11-09 14:56:02,Haze,haze,Low
Indore,22.7179,75.8333,40,2.06,21.1,2025-11-09 14:58:49,Haze,haze,Low
Bengaluru,12.9762,77.6033,60,3.13,22.0,2025-11-09 15:02:49,Clear,clear sky,Low
Delhi,28.6667,77.2167,45,2.06,20.1,2025-11-09 14:55:49,Haze,haze,Low
Mumbai,19.0144,72.8479,57,3.09,27.0,2025-11-09 15:00:48,Smoke,smoke,Low
Bhopal,23.2667,77.4,30,0.51,20.1,2025-11-09 14:56:02,Haze,haze,Low
Indore,22.7179,75.8333,40,2.06,21.1,2025-11-09 14:58:49,Haze,haze,Low
Bengaluru,12.9762,77.6033,60,3.13,22.0,2025-11-09 15:02:49,Clear,clear sky,Low
Delhi,28.6667,77.2167,45,2.06,20.1,2025-11-09 14:55:49,Haze,haze,Low
Mumbai,19.0144,72.8479,57,3.09,27.0,2025-11-09 15:00:48,Smoke,smoke,Low
Bhopal,23.2667,77.4,30,0.51,20.1,2025-11-09 14:56:02,Haze,haze,Low
Indore,22.7179,75.8333,40,2.06,21.1,2025-11-09 14:58:49,Haze,haze,Low
Bengaluru,12.9762,77.6033,60,3.13,22.0,2025-11-09 15:02:49,Clear,clear sky,Low
Delhi,28.6667,77.2167,45,2.06,20.1,2025-11-09 15:06:43,Haze,haze,Low
Mumbai,19.0144,72.8479,57,3.09,27.0,2025-11-09 15:00:48,Smoke,smoke,Low
Bhopal,23.2667,77.4,30,0.51,20.1,2025-11-09 15:08:58,Haze,haze,Low
Indore,22.7179,75.8333,40,2.06,21.1,2025-11-09 15:08:58,Haze,haze,Low
Bengaluru,12.9762,77.6033,60,3.13,22.0,2025-11-09 15:02:49,Clear,clear sky,Low
Delhi,28.6667,77.2167,45,2.06,20.1,2025-11-09 15:06:43,Haze,haze,Low
Mumbai,19.0144,72.8479,57,3.09,27.0,2025-11-09 15:00:48,Smoke,smoke,Low
Bhopal,23.2667,77.4,30,0.51,20.1,2025-11-09 15:08:58,Haze,haze,Low
Indore,22.7179,75.8333,40,2.06,21.1,2025-11-09 15:08:58,Haze,haze,Low
Bengaluru,12.9762,77.6033,60,3.13,22.0,2025-11-09 15:02:49,Clear,clear sky,Low
Delhi,28.6667,77.2167,45,2.06,20.1,2025-11-09 15:06:43,Haze,haze,Low
Mumbai,19.0144,72.8479,57,3.09,27.0,2025-11-09 15:10:09,Smoke,smoke,Low
Bhopal,23.2667,77.4,30,0.51,20.1,2025-11-09 15:08:58,Haze,haze,Low
Indore,22.7179,75.8333,40,2.06,21.1,2025-11-09 15:08:58,Haze,haze,Low
Bengaluru,12.9762,77.6033,62,3.13,21.6,2025-11-09 15:13:19,Clear,clear sky,Low
Delhi,28.6667,77.2167,52,0.0,19.1,2025-11-09 16:36:59,Haze,haze,Low
Mumbai,19.0144,72.8479,57,2.06,27.0,2025-11-09 16:31:54,Smoke,smoke,Low
Bhopal,23.2667,77.4,39,0.51,17.1,2025-11-09 16:28:18,Haze,haze,Low
Indore,22.7179,75.8333,45,2.06,18.1,2025-11-09 16:35:09,Haze,haze,Low
Bengaluru,12.9762,77.6033,66,2.68,20.7,2025-11-09 16:32:46,Clear,clear sky,Low
Delhi,28.6667,77.2167,55,0.0,18.1,2025-11-09 16:52:32,Haze,haze,Low
Mumbai,19.0144,72.8479,57,1.54,27.0,2025-11-09 16:48:33,Smoke,smoke,Low
Bhopal,23.2667,77.4,41,0.51,16.1,2025-11-09 16:57:58,Haze,haze,Low
Indore,22.7179,75.8333,45,2.06,18.1,2025-11-09 16:45:35,Haze,haze,Low
Bengaluru,12.9762,77.6033,68,2.68,20.4,2025-11-09 16:47:59,Clear,clear sky,Low
Delhi,28.6667,77.2167,55,0.0,18.1,2025-11-09 17:10:08,Haze,haze,Low
Mumbai,19.0144,72.8479,65,1.54,26.0,2025-11-09 17:14:42,Smoke,smoke,Low
Bhopal,23.2667,77.4,47,0.51,15.1,2025-11-09 17:14:38,Haze,haze,Low
Indore,22.7179,75.8333,51,2.06,17.1,2025-11-09 17:16:19,Haze,haze,Low
Bengaluru,12.9762,77.6033,69,2.68,20.2,2025-11-09 17:13:15,Clear,clear sky,Low
Delhi,28.6667,77.2167,55,0.0,18.1,2025-11-09 17:31:04,Haze,haze,Low
Mumbai,19.0144,72.8479,65,1.54,26.0,2025-11-09 17:35:05,Smoke,smoke,Low
Bhopal,23.2667,77.4,47,0.51,15.1,2025-11-09 17:30:50,Haze,haze,Low
Indore,22.7179,75.8333,51,2.06,17.1,2025-11-09 17:27:32,Haze,haze,Low
Bengaluru,12.9762,77.6033,70,2.68,20.0,2025-11-09 17:34:19,Clouds,few clouds,Low
Delhi,28.6667,77.2167,52,0.0,18.1,2025-11-09 17:50:59,Haze,haze,Low
Mumbai,19.0144,72.8479,69,1.54,25.0,2025-11-09 17:52:25,Smoke,smoke,Low
Bhopal,23.2667,77.4,44,0.0,15.1,2025-11-09 17:50:32,Haze,haze,Low
Indore,22.7179,75.8333,48,1.54,18.1,2025-11-09 17:56:32,Haze,haze,Low
Bengaluru,12.9762,77.6033,71,2.24,19.6,2025-11-09 17:54:57,Clouds,few clouds,Low
Delhi,28.6667,77.2167,52,0.0,18.1,2025-11-09 18:09:24,Haze,haze,Low
Mumbai,19.0144,72.8479,69,0.0,25.0,2025-11-09 18:13:44,Haze,haze,Low
Bhopal,23.2667,77.4,47,0.51,15.1,2025-11-09 18:17:39,Haze,haze,Low
Indore,22.7179,75.8333,58,0.0,15.1,2025-11-09 18:15:54,Haze,haze,Low
Bengaluru,12.9762,77.6033,73,2.24,19.6,2025-11-09 18:05:01,Clouds,few clouds,Low
Delhi,28.6667,77.2167,52,0.0,18.1,2025-11-09 18:30:35,Haze,haze,Low
Mumbai,19.0144,72.8479,61,2.06,26.0,2025-11-09 18:36:00,Haze,haze,Low
Bhopal,23.2667,77.4,47,0.51,15.1,2025-11-09 18:30:48,Haze,haze,Low
Indore,22.7179,75.8333,58,0.0,15.1,2025-11-09 18:26:06,Haze,haze,Low
Bengaluru,12.9762,77.6033,72,2.24,19.4,2025-11-09 18:26:46,Clouds,few clouds,Low
Delhi,28.6667,77.2167,52,1.54,18.1,2025-11-10 04:13:16,Smoke,smoke,Low
Mumbai,19.0144,72.8479,57,2.57,26.0,2025-11-10 04:13:38,Smoke,smoke,Low
Bhopal,23.2667,77.4,25,2.06,23.1,2025-11-10 04:20:25,Haze,haze,Low
Indore,22.7179,75.8333,41,2.06,24.1,2025-11-10 04:21:56,Haze,haze,Low
Bengaluru,12.9762,77.6033,63,4.92,23.5,2025-11-10 04:14:42,Mist,mist,Low
Delhi,28.6667,77.2167,52,1.54,18.1,2025-11-10 04:34:58,Smoke,smoke,Low
Mumbai,19.0144,72.8479,57,2.57,26.0,2025-11-10 04:30:22,Smoke,smoke,Low
Bhopal,23.2667,77.4,23,2.57,24.1,2025-11-10 04:41:29,Haze,haze,Low
Indore,22.7179,75.8333,41,2.06,24.1,2025-11-10 04:32:14,Haze,haze,Low
Bengaluru,12.9762,77.6033,57,4.47,25.1,2025-11-10 04:40:54,Haze,haze,Low
Delhi,28.6667,77.2167,48,2.06,19.1,2025-11-10 04:55:36,Smoke,smoke,Low
Mumbai,19.0144,72.8479,54,3.09,27.0,2025-11-10 04:52:15,Smoke,smoke,Low
Bhopal,23.2667,77.4,23,2.57,24.1,2025-11-10 04:56:24,Haze,haze,Low
Indore,22.7179,75.8333,36,1.54,25.1,2025-11-10 05:00:28,Haze,haze,Low
Bengaluru,12.9762,77.6033,56,4.02,25.4,2025-11-10 04:56:50,Haze,haze,Low
Delhi,28.6667,77.2167,48,2.06,19.1,2025-11-10 05:11:58,Smoke,smoke,Low
Mumbai,19.0144,72.8479,51,3.09,28.0,2025-11-10 05:12:52,Smoke,smoke,Low
Bhopal,23.2667,77.4,23,1.03,24.1,2025-11-10 05:12:16,Haze,haze,Low
Indore,22.7179,75.8333,33,1.54,25.1,2025-11-10 05:19:19,Clear,clear sky,Low
Bengaluru,12.9762,77.6033,55,4.02,25.6,2025-11-10 05:13:55,Haze,haze,Low
Delhi,28.6667,77.2167,45,1.54,20.1,2025-11-10 05:34:18,Smoke,smoke,Low
Mumbai,19.0144,72.8479,48,3.6,29.0,2025-11-10 05:33:46,Smoke,smoke,Low
Bhopal,23.2667,77.4,23,1.03,24.1,2025-11-10 05:39:39,Haze,haze,Low
Indore,22.7179,75.8333,33,1.54,25.1,2025-11-10 05:37:25,Clear,clear sky,Low
Bengaluru,12.9762,77.6033,55,2.68,26.1,2025-11-10 05:39:33,Haze,haze,Low
Delhi,28.6667,77.2167,43,1.54,21.1,2025-11-10 05:50:02,Smoke,smoke,Low
Mumbai,19.0144,72.8479,48,3.6,29.0,2025-11-10 05:52:22,Smoke,smoke,Low
Bhopal,23.2667,77.4,20,1.54,24.1,2025-11-10 05:57:37,Haze,haze,Low
Indore,22.7179,75.8333,29,1.54,26.1,2025-11-10 05:49:29,Clear,clear sky,Low
Bengaluru,12.9762,77.6033,53,1.79,26.3,2025-11-10 05:55:06,Haze,haze,Low
Delhi,28.6667,77.2167,38,1.54,23.1,2025-11-10 06:16:01,Smoke,smoke,Low
Mumbai,19.0144,72.8479,48,3.09,29.0,2025-11-10 06:13:45,Smoke,smoke,Low
Bhopal,23.2667,77.4,22,1.54,24.1,2025-11-10 06:17:45,Haze,haze,Low
Indore,22.7179,75.8333,29,1.54,26.1,2025-11-10 06:08:55,Clear,clear sky,Low
Bengaluru,12.9762,77.6033,51,1.34,26.2,2025-11-10 06:10:20,Haze,haze,Low
Delhi,28.6667,77.2167,38,1.54,23.1,2025-11-10 06:38:09,Smoke,smoke,Low
Mumbai,19.0144,72.8479,42,4.12,30.0,2025-11-10 06:37:06,Smoke,smoke,Low
Bhopal,23.2667,77.4,22,1.54,24.1,2025-11-10 06:40:50,Haze,haze,Low
Indore,22.7179,75.8333,28,1.54,27.1,2025-11-10 06:40:00,Clear,clear sky,Low
Bengaluru,12.9762,77.6033,51,0.45,26.4,2025-11-10 06:41:52,Clouds,broken clouds,Low
Delhi,28.6667,77.2167,38,1.54,25.1,2025-11-10 11:26:01,Haze,haze,Low
Mumbai,19.0144,72.8479,37,4.63,30.0,2025-11-10 11:25:51,Smoke,smoke,Low
Bhopal,23.2667,77.4,18,0.0,26.1,2025-11-10 11:28:37,Haze,haze,Low
Indore,22.7179,75.8333,26,0.0,27.1,2025-11-10 11:29:23,Clear,clear sky,Low
Bengaluru,12.9762,77.6033,49,4.47,26.9,2025-11-10 11:28:26,Clouds,scattered clouds,Low
Delhi,28.6667,77.2167,49,1.03,22.1,2025-11-10 12:20:27,Haze,haze,Low
Mumbai,19.0144,72.8479,51,3.6,29.0,2025-11-10 12:27:41,Smoke,smoke,Low
Bhopal,23.2667,77.4,25,1.03,24.1,2025-11-10 12:27:32,Haze,haze,Low
Indore,22.7179,75.8333,38,1.54,24.1,2025-11-10 12:30:14,Clear,clear sky,Low
Bengaluru,12.9762,77.6033,56,4.02,25.3,2025-11-10 12:26:53,Clouds,scattered clouds,Low
Delhi,28.6667,77.2167,56,0.0,20.1,2025-11-10 13:42:50,Haze,haze,Low
Mumbai,19.0144,72.8479,54,3.6,28.0,2025-11-10 13:40:55,Smoke,smoke,Low
Bhopal,23.2667,77.4,34,0.0,19.1,2025-11-10 13:38:20,Haze,haze,Low
Indore,22.7179,75.8333,43,1.54,21.1,2025-11-10 13:39:50,Clear,clear sky,Low
Bengaluru,12.9762,77.6033,66,3.58,23.1,2025-11-10 13:35:20,Clouds,scattered clouds,Low
Delhi,28.6667,77.2167,59,1.03,19.1,2025-11-10 14:01:12,Haze,haze,Low
Mumbai,19.0144,72.8479,54,2.06,28.0,2025-11-10 14:09:07,Smoke,smoke,Low
Bhopal,23.2667,77.4,34,0.0,19.1,2025-11-10 14:11:28,Haze,haze,Low
Indore,22.7179,75.8333,43,1.54,21.1,2025-11-10 14:08:11,Clear,clear sky,Low
Bengaluru,12.9762,77.6033,68,3.13,22.7,2025-11-10 14:10:58,Clouds,scattered clouds,Low
Delhi,28.6667,77.2167,63,0.0,18.1,2025-11-10 14:31:11,Haze,haze,Low
Mumbai,19.0144,72.8479,54,2.57,28.0,2025-11-10 14:30:00,Smoke,smoke,Low
Bhopal,23.2667,77.4,42,1.03,18.1,2025-11-10 14:40:24,Haze,haze,Low
Indore,22.7179,75.8333,48,0.0,19.1,2025-11-10 14:37:30,Haze,haze,Low
Bengaluru,12.9762,77.6033,69,3.13,22.6,2025-11-10 14:36:49,Clouds,scattered clouds,Low
Delhi,28.6667,77.2167,82,0.0,15.1,2025-11-10 17:15:55,Mist,mist,Low
Mumbai,19.0144,72.8479,61,2.06,27.0,2025-11-10 17:16:36,Smoke,smoke,Low
Bhopal,23.2667,77.4,44,1.54,16.1,2025-11-10 17:27:27,Haze,haze,Low
Indore,22.7179,75.8333,63,0.0,16.1,2025-11-10 17:18:15,Haze,haze,Low
Bengaluru,12.9762,77.6033,77,2.68,21.1,2025-11-10 17:17:09,Haze,haze,Low
Delhi,28.6667,77.2167,82,0.0,15.1,2025-11-10 17:48:19,Mist,mist,Low
Mumbai,19.0144,72.8479,61,2.06,27.0,2025-11-10 17:45:02,Smoke,smoke,Low
Bhopal,23.2667,77.4,55,0.0,16.1,2025-11-10 17:57:59,Haze,haze,Low
Indore,22.7179,75.8333,59,0.0,17.1,2025-11-10 17:57:11,Haze,haze,Low
Bengaluru,12.9762,77.6033,77,2.68,21.1,2025-11-10 17:48:05,Haze,haze,Low
Delhi,28.6667,77.2167,82,0.0,15.1,2025-11-10 18:09:35,Mist,mist,Low
Mumbai,19.0144,72.8479,61,2.06,27.0,2025-11-10 18:05:57,Smoke,smoke,Low
Bhopal,23.2667,77.4,67,1.54,14.1,2025-11-10 18:15:02,Haze,haze,Low
Indore,22.7179,75.8333,59,0.0,17.1,2025-11-10 18:12:03,Haze,haze,Low
Bengaluru,12.9762,77.6033,78,2.68,20.4,2025-11-10 18:12:16,Haze,haze,Low
Delhi,28.6667,77.2167,82,0.0,15.1,2025-11-10 18:09:35,Mist,mist,Low
Mumbai,19.0144,72.8479,61,2.06,27.0,2025-11-10 18:05:57,Smoke,smoke,Low
Bhopal,23.2667,77.4,67,1.54,14.1,2025-11-10 18:15:02,Haze,haze,Low
Indore,22.7179,75.8333,59,0.0,17.1,2025-11-10 18:12:03,Haze,haze,Low
Bengaluru,12.9762,77.6033,78,2.68,20.4,2025-11-10 18:12:16,Haze,haze,Low
Delhi,28.6667,77.2167,63,2.06,16.1,2025-11-11 04:06:08,Smoke,smoke,Low
Mumbai,19.0144,72.8479,61,2.57,26.0,2025-11-11 04:02:56,Haze,haze,Low
Bhopal,23.2667,77.4,37,1.54,20.1,2025-11-11 04:05:44,Haze,haze,Low
Indore,22.7179,75.8333,50,2.06,24.1,2025-11-11 04:08:12,Haze,haze,Low
Bengaluru,12.9762,77.6033,76,6.26,22.9,2025-11-11 04:06:44,Mist,mist,Low
Delhi,28.6667,77.2167,59,2.06,17.1,2025-11-11 04:37:49,Smoke,smoke,Low
Mumbai,19.0144,72.8479,57,4.12,26.0,2025-11-11 04:29:22,Smoke,smoke,Low
Bhopal,23.2667,77.4,30,1.54,22.1,2025-11-11 04:40:01,Haze,haze,Low
Indore,22.7179,75.8333,41,1.54,24.1,2025-11-11 04:35:47,Haze,haze,Low
Bengaluru,12.9762,77.6033,73,6.26,23.9,2025-11-11 04:32:33,Haze,haze,Low
Delhi,28.6667,77.2167,52,1.54,19.1,2025-11-11 05:04:43,Smoke,smoke,Low
Mumbai,19.0144,72.8479,57,3.6,27.0,2025-11-11 05:06:49,Smoke,smoke,Low
Bhopal,23.2667,77.4,27,1.54,23.1,2025-11-11 05:08:55,Clear,clear sky,Low
Indore,22.7179,75.8333,41,1.54,24.1,2025-11-11 05:05:54,Haze,haze,Low
Bengaluru,12.9762,77.6033,63,4.92,25.7,2025-11-11 05:01:34,Haze,haze,Low
Delhi,28.6667,77.2167,45,1.54,20.1,2025-11-11 05:27:18,Smoke,smoke,Low
Mumbai,19.0144,72.8479,51,3.09,28.0,2025-11-11 05:38:11,Smoke,smoke,Low
Bhopal,23.2667,77.4,25,2.06,24.1,2025-11-11 05:37:00,Haze,haze,Low
Indore,22.7179,75.8333,29,1.54,26.1,2025-11-11 05:36:44,Clear,clear sky,Low
Bengaluru,12.9762,77.6033,62,3.58,26.2,2025-11-11 05:39:06,Haze,haze,Low
Delhi,28.6667,77.2167,53,3.09,23.0,2025-11-13 06:26:54,Smoke,smoke,Low
Mumbai,19.0144,72.8479,37,4.12,30.0,2025-11-13 06:28:08,Smoke,smoke,Low
Bhopal,23.2667,77.4,20,1.03,25.1,2025-11-13 06:33:20,Haze,haze,Low
Indore,22.7179,75.8333,32,2.57,27.1,2025-11-13 06:27:50,Clear,clear sky,Low
Bengaluru,12.9762,77.6033,63,8.05,26.3,2025-11-13 06:26:31,Haze,haze,Moderate
Delhi,28.6667,77.2167,53,3.09,23.0,2025-11-13 06:26:54,Smoke,smoke,Low
Mumbai,19.0144,72.8479,37,4.12,30.0,2025-11-13 06:28:08,Smoke,smoke,Low
Bhopal,23.2667,77.4,20,1.03,25.1,2025-11-13 06:33:20,Haze,haze,Low
Indore,22.7179,75.8333,32,2.57,27.1,2025-11-13 06:27:50,Clear,clear sky,Low
Bengaluru,12.9762,77.6033,63,8.05,26.3,2025-11-13 06:26:31,Haze,haze,Moderate
